,0,1,2,3,4,5
0,3392,明城新村桂花园,奉贤,价格待定,住宅,未开盘
1,3393,天和尚海庭前,奉贤,50000,别墅,在售
2,3394,中核锦悦府,青浦,58000,住宅,在售
3,3395,乐活居,普陀,93000,住宅,在售
4,3396,中骏天珑,青浦,58000,住宅,在售
5,3397,新城虹口金茂府,虹口,102000,住宅,在售
6,3398,保利玲玥公馆,奉贤,19500,住宅,在售
7,3399,复地富顿街区,松江,42000,住宅,在售
8,3400,复地富顿街区,松江,价格待定,别墅,未开盘
9,3401,合景天悦,松江,49500,住宅,在售
10,3402,翠湖天地隽荟,黄浦,160000,住宅,售罄
11,3403,金臣汇,闵行,1871,住宅,售罄
12,3404,华亭首府,松江,价格待定,别墅,售罄
13,3405,徐汇公园道壹号,徐汇,价格待定,住宅,售罄
14,3406,万科安亭新镇,嘉定,31800,住宅,售罄
15,3407,正阳世纪星城,奉贤,价格待定,住宅,售罄
16,3408,大华碧云天,宝山,价格待定,住宅,售罄
17,3409,西上海御庭,嘉定,32000,住宅,售罄
18,3410,保利艾庐,浦东,价格待定,别墅,售罄
19,3411,万科金域澜湾,浦东,价格待定,别墅,售罄
20,3412,中鹰黑森林,普陀,120000,住宅,在售
21,3413,万源城御璄,闵行,85000,住宅,在售
22,3414,君悦湾墅,青浦,53000,别墅,在售
23,3415,象屿上海年华,松江,46000,住宅,在售
24,3416,湖畔天下,嘉定,47000,住宅,在售
25,3417,祥和王宫,普陀,118000,别墅,在售
26,3418,华侨城苏河湾(公寓),静安,190000,住宅,在售
27,3419,恒大御景湾,嘉定,45000,住宅,在售
28,3420,紫都上海晶园,松江,3000,别墅,在售
29,3421,御品园林,青浦,65000,别墅,在售
30,3422,青浦万达茂,青浦,28000,商业类,在售
31,3423,临港十七区,浦东,60000,商业,在售
32,3424,星尚湾名邸,青浦,55000,别墅,在售
33,3425,三迪上东街,松江,60000,商业,在售
34,3426,凯德星贸邸,静安,122000,住宅,未开盘
35,3427,复地雅园,黄浦,126000,住宅,在售
36,3428,五坊园,黄浦,111000,住宅,在售
37,3429,四季都会,宝山,43000,住宅,在售
38,3430,信达泰禾上城院子,宝山,52500,住宅,在售
39,3431,中海臻如府,普陀,95000,住宅,在售
40,3432,贝尚湾,松江,价格待定,住宅,下期待开
41,3433,长风瑞仕璟庭,普陀,价格待定,住宅,下期待开
42,3434,海伦堡兰园,松江,35000,住宅,在售
43,3435,古北尚郡,闵行,71000,住宅,在售
44,3436,原筑江南,奉贤,42500,别墅,在售
45,3437,中旭广场,闵行,41000,商业,在售
46,3438,绿地海越,宝山,38000,写字楼,在售
47,3439,静安新城商铺,闵行,60000,商业,在售
48,3440,陆家嘴滴水涟岸,浦东,29000,住宅,在售
49,3441,陆家嘴滴水涟岸,浦东,34000,别墅,在售
50,3442,宝龙世家,浦东,150,商业,在售
51,3443,中惠金钻天地,浦东,50000,商业,在售
52,3444,远洋财富中心,浦东,28000,写字楼,在售
53,3445,远洋财富中心,浦东,50000,商业,在售
54,3446,高桥红坊,浦东,85000,商业,在售
55,3447,虹桥富力中心,闵行,100000,商业,在售
56,3448,东渡悦来城,青浦,50000,商业,在售
57,3449,中南锦庭,奉贤,35000,商业,在售
58,3450,平高世贸中心,松江,28000,写字楼,在售
59,3451,一品漫城(五期),闵行,58000,商业,在售
60,3452,淮海名邸,长宁,130000,住宅,在售
61,3453,金臣别墅,闵行,120000,别墅,在售
62,3454,嘉天汇,静安,价格待定,住宅,未开盘
63,3455,西郊庄园马德里洋房,闵行,72000,住宅,在售
64,3456,海湾国际名苑,奉贤,550,别墅,在售
65,3457,香水湾,青浦,65000,别墅,在售
66,3458,英庭名墅,青浦,74000,别墅,在售
67,3459,颐湾丽庭,青浦,35000,别墅,在售
68,3460,天和前滩时代,奉贤,30600,住宅,在售
69,3461,万科翡翠滨江(一期),浦东,3010,住宅,在售
70,3462,大华公园城市,宝山,57200,住宅,在售
71,3463,泰府名邸,静安,121800,住宅,在售
72,3464,上海新环广场,浦东,45000,商业,在售
73,3465,保利云上,嘉定,53900,住宅,在售
74,3466,康馨悦生活广场,青浦,20000,商业,在售
75,3467,宝厦文璟苑,宝山,53000,住宅,在售
76,3468,浦发东悦城,浦东,41000,住宅,在售
77,3469,当代万国府MOMA,闵行,80000,商业,在售
78,3470,龙湖星图,松江,19000,商业类,在售
79,3471,山水拾间,崇明,33000,别墅,在售
80,3472,一品漫城四期,闵行,60000,商业,在售
81,3473,公元2040,浦东,44000,住宅,在售
82,3474,环创中心,杨浦,68000,写字楼,在售
83,3475,骏丰嘉峰汇,嘉定,46000,商业,在售
84,3476,虹桥宝龙城,青浦,40000,商业,在售
85,3477,平安四季,奉贤,38000,商业,在售
86,3478,森兰美奂,浦东,35000,写字楼,在售
87,3479,嘉誉都汇国际,杨浦,价格待定,写字楼,售罄
88,3480,龙湖天璞雅筑,嘉定,47000,住宅,售罄
89,3481,凤凰城天境,奉贤,价格待定,住宅,售罄
90,3482,万科金域澜湾,浦东,价格待定,住宅,售罄
91,3483,招商中环华府,宝山,56500,住宅,售罄
92,3484,招商中环华府,宝山,748,别墅,售罄
93,3485,深城投十一街区,嘉定,40000,住宅,售罄
94,3486,绿地天呈,嘉定,641,住宅,售罄
95,3487,宝华源墅,闵行,价格待定,别墅,售罄
96,3488,尼德兰官邸,浦东,41000,住宅,售罄
97,3489,临港首府,浦东,600,别墅,售罄
98,3490,陆家嘴壹号院,浦东,128000,住宅,售罄
99,3491,阳光城滨江悦,杨浦,100000,住宅,售罄
100,3492,中信广场,虹口,81000,写字楼,在售
101,3493,汉石丽苑休闲广场,闵行,45000,商业,在售
102,3494,静安康鑫家园,静安,90000,住宅,在售
103,3495,长江国际购物中心,宝山,56700,商业,在售
104,3496,青浦万达茂,青浦,50000,商业,在售
105,3497,万科七宝国际,闵行,40000,写字楼,在售
106,3498,新华联国际中心,闵行,18700,写字楼,在售
107,3499,中建锦绣天地(商铺),青浦,90000,商业,在售
108,3500,源昌幸福里,青浦,60000,商业,在售
109,3501,金山万达海汇街,金山,25000,商业,在售
110,3502,九城家天下新座,松江,1025,别墅,在售
111,3503,半岛君望,奉贤,60000,别墅,在售
112,3504,外滩·豪景苑,虹口,价格待定,住宅,下期待开
113,3505,安墁西郊,青浦,价格待定,别墅,未开盘
114,3506,尚海郦景,浦东,93000,住宅,在售
115,3507,九龙仓滨江壹十八,浦东,113000,住宅,在售
116,3508,嘉御庭,徐汇,128000,住宅,在售
117,3509,尼德兰官邸,浦东,1700,别墅,在售
118,3510,御岛财富,崇明,27000,住宅,在售
119,3511,新虹桥首府(别墅),松江,2800,别墅,在售
120,3512,天和商业广场,浦东,47000,商业,在售
121,3513,复地浦江中心,闵行,20000,写字楼,在售
122,3514,首创悦都,松江,32000,商业,在售
123,3515,银亿滨江中心,浦东,35000,商业,在售
124,3516,信达蓝尊,松江,88000,商业,在售
125,3517,上海万象企业中心,闵行,50000,写字楼,在售
126,3518,联仲都悦汇,闵行,800,别墅,在售
127,3519,西虹桥壹号,青浦,49000,商业,在售
128,3520,浦江华侨城8期,闵行,1230,别墅,在售
129,3521,绿地海珀黄浦,黄浦,100000,商业,在售
130,3522,中南江山美宸,崇明,价格待定,别墅,售罄
131,3523,中粮天悦壹号,静安,5378,住宅,售罄
132,3524,远洋万和四季,浦东,价格待定,住宅,售罄
133,3525,圣得恒业花园,闵行,价格待定,别墅,售罄
134,3526,嘉宝梦之缘景庭,嘉定,39000,住宅,售罄
135,3527,佳兆业城市广场,嘉定,29500,住宅,售罄
136,3528,中国铁建青秀城,宝山,38000,住宅,售罄
137,3529,上海庄园三期,嘉定,710,别墅,售罄
138,3530,臻水岸苑,青浦,1500,别墅,售罄
139,3531,艺泰一品花园,浦东,价格待定,住宅,售罄
140,3532,瑞虹新城悦庭,虹口,价格待定,住宅,售罄
141,3533,中粮前滩海景壹号,浦东,价格待定,住宅,售罄
142,3534,新华联奥莱悦府,青浦,价格待定,住宅,售罄
143,3535,园与墅,金山,17500,住宅,售罄
144,3536,龙柏8号,闵行,价格待定,住宅,售罄
145,3537,晶耀名邸,浦东,价格待定,住宅,售罄
146,3538,新华联奥莱悦府,青浦,价格待定,别墅,售罄
147,3539,万科安亭新镇,嘉定,33000,别墅,售罄
148,3540,尚海郦景,浦东,价格待定,别墅,售罄
149,3541,金地双都汇,松江,50000,别墅,售罄
150,3542,古北ONE,长宁,100000,住宅,在售
151,3543,兆地生活广场,嘉定,70000,商业,在售
152,3544,上影广场,嘉定,40000,商业,未开盘
153,3545,上坤上街,宝山,45000,商业,在售
154,3546,象屿上海年华,松江,330,商业,在售
155,3547,青浦万达茂,青浦,21000,写字楼,在售
156,3548,大名城紫金九号2期,浦东,62500,住宅,在售
157,3549,中茂世纪财富广场,嘉定,13000,商业,在售
158,3550,紫竹半岛花园,闵行,57000,住宅,未开盘
159,3551,东方懿德城,浦东,70000,商业,在售
160,3552,禹洲城市广场,浦东,21000,商业,在售
161,3553,星街坊浦江生活馆,闵行,50000,商业,在售
162,3554,古城新苑,金山,35000,商业,在售
163,3555,盘古园府,嘉定,41000,住宅,在售
164,3556,金山红星国际广场,金山,20000,商业,在售
165,3557,中粮南桥锦云,奉贤,36600,住宅,在售
166,3558,浦江坤庭—枫郡,闵行,60000,住宅,在售
167,3559,浦江坤庭—紫郡,闵行,58000,住宅,在售
168,3560,泰禾红御,宝山,80000,商业,在售
169,3561,绿都绣云里,浦东,75000,商业,在售
170,3562,骏丰玲珑坊,嘉定,46000,住宅,在售
171,3563,安亭中央公园,嘉定,32000,住宅,在售
172,3564,棕榈滩高尔夫别墅,奉贤,35000,别墅,未开盘
173,3565,嘉业海悦苑,奉贤,价格待定,别墅,未开盘
174,3566,同润蓝美俊庭,浦东,500,别墅,在售
175,3567,万顺水原墅(别墅),闵行,60000,别墅,在售
176,3568,一品漫城四期,闵行,3200,别墅,在售
177,3569,同润玫瑰园,松江,1361,别墅,在售
178,3570,融创外滩壹号院,黄浦,125000,住宅,在售
179,3571,通用昱墅,崇明,1200,别墅,在售
180,3572,华虹家园,崇明,19000,住宅,在售
181,3573,万科西郊都会,嘉定,37000,住宅,在售
182,3574,万科西郊都会,嘉定,41000,别墅,在售
183,3575,光明·金山府,金山,26000,住宅,在售
184,3576,万科青藤公园,闵行,46000,住宅,在售
185,3577,上南嘉园,浦东,47000,住宅,在售
186,3578,云汉富颐苑,浦东,28000,商业,在售
187,3579,上海富力环球中心,闵行,75000,商业,在售
188,3580,新城虹口金茂府,虹口,122000,别墅,在售
189,3581,大学里,嘉定,36000,别墅,在售
190,3582,中粮海景壹号,浦东,价格待定,住宅,售罄
191,3583,新城上坤樾山璟里,松江,833,别墅,售罄
192,3584,上海西环中心星信名邸,嘉定,44700,住宅,售罄
193,3585,正荣璟园,金山,价格待定,别墅,售罄
194,3586,佳兆业君汇上品,青浦,31000,住宅,售罄
195,3587,中南君悦府,青浦,41000,别墅,售罄
196,3588,金地世家,嘉定,42000,住宅,售罄
197,3589,中环国际公寓(三期),宝山,56000,住宅,售罄
198,3590,宝龙世家,浦东,23500,住宅,售罄
199,3591,尚景丽园,浦东,价格待定,住宅,售罄
200,3592,华谊逸品澜湾,嘉定,价格待定,住宅,售罄
201,3593,嘉和美苑,浦东,28000,住宅,售罄
202,3594,桐南美麓,奉贤,33000,住宅,售罄
203,3595,盛世荟庭,浦东,价格待定,住宅,售罄
204,3596,前滩东方逸品,浦东,价格待定,住宅,售罄
205,3597,新里波洛克公馆,青浦,价格待定,住宅,售罄
206,3598,桐南美麓,奉贤,31500,别墅,售罄
207,3599,融创壹号公馆,松江,价格待定,住宅,售罄
208,3600,西虹桥壹号,青浦,42000,住宅,售罄
209,3601,金融街融府,静安,价格待定,住宅,售罄
210,3602,金浩园,杨浦,91000,住宅,在售
211,3603,嘉永南北干货市场,嘉定,55000,商业,在售
212,3604,依云湖,金山,18432,住宅,在售
213,3605,东亚阳光里,浦东,35000,商业,在售
214,3606,云著深蓝,松江,43000,住宅,在售
215,3607,金臣颐墅,青浦,71000,别墅,在售
216,3608,光语著,奉贤,32000,住宅,在售
217,3609,和源中环企业广场,静安,45000,写字楼,在售
218,3610,虹桥玫瑰公馆,青浦,43000,住宅,在售
219,3611,碧林湾,闵行,65000,住宅,在售
220,3612,合生东郊别墅二期,浦东,140000,别墅,在售
221,3613,中展璞荟,松江,67000,商业,在售
222,3614,虹桥富力中心,闵行,65000,写字楼,在售
223,3615,融信绿地国际中心,闵行,39000,写字楼,在售
224,3616,华园,长宁,100000,住宅,在售
225,3617,中铁诺德国际,闵行,57000,商业,在售
226,3618,中铁诺德国际,闵行,34000,写字楼,在售
227,3619,同润圣塔路斯,松江,1600,别墅,在售
228,3620,海伦堡爱ME城市,嘉定,29000,商业,在售
229,3621,保利翡丽公馆,松江,600,商业,在售
230,3622,东郊壹号,浦东,20000,别墅,在售
231,3623,华府天地愉园,闵行,52000,别墅,在售
232,3624,八埭头滨江园,杨浦,99240,住宅,在售
233,3625,建邦16区,虹口,98000,住宅,在售
234,3626,一品漫城(五期),闵行,66000,住宅,在售
235,3627,静安府东区,静安,86000,住宅,未开盘
236,3628,天和尚上海,奉贤,25300,住宅,在售
237,3629,同润金色橘苑,浦东,25000,住宅,在售
238,3630,华发四季,浦东,67000,住宅,在售
239,3631,湖山香颂湾,金山,31000,住宅,在售
240,3632,万科金域澜湾鹭语墅,浦东,35000,别墅,未开盘
241,3633,禹洲雍锦府,奉贤,32000,住宅,在售
242,3634,海玥瑄邸,浦东,33000,住宅,在售
243,3635,瑞虹新城天悦郡庭,虹口,107000,住宅,未开盘
244,3636,和欣国际花园,宝山,56000,住宅,未开盘
245,3637,福晟前滩钱隆广场,浦东,80000,写字楼,未开盘
246,3638,英庭名墅,青浦,58000,住宅,在售
247,3639,绿宝园,浦东,2000,别墅,在售
248,3640,绿宝园,浦东,61000,住宅,在售
249,3641,虹桥融景,青浦,58000,住宅,在售
250,3642,大华斐勒公园,浦东,2000,别墅,售罄
251,3643,中骏天悦,普陀,95000,住宅,售罄
252,3644,金地双都汇,松江,45000,住宅,售罄
253,3645,新城盛世,青浦,41000,住宅,售罄
254,3646,金地玺湾,松江,41000,住宅,售罄
255,3647,保利建工西郊锦庐,青浦,50000,别墅,售罄
256,3648,绿地天呈,嘉定,42000,别墅,售罄
257,3649,御龙名邸,金山,22000,住宅,售罄
258,3650,华润中央公园(浩翔路98弄),嘉定,47000,住宅,售罄
259,3651,淡水湾花园,黄浦,价格待定,住宅,售罄
260,3652,大发融悦四季,青浦,40000,住宅,售罄
261,3653,金虹桥井亭苑,闵行,价格待定,住宅,售罄
262,3654,吉嘉广场,嘉定,价格待定,商业,售罄
263,3655,恒越生活广场,浦东,价格待定,商业,售罄
264,3656,舜喜大厦,嘉定,价格待定,写字楼,售罄
265,3657,大发融悦,青浦,50000,商业,售罄
266,3658,森兰美伦,浦东,35000,写字楼,售罄
267,3659,晶尚坊,松江,30000,商业,售罄
268,3660,闻喜华庭,静安,90000,商业,售罄
269,3661,中国铁建青秀城,宝山,价格待定,商业,售罄
270,3662,项山商业广场,松江,40000,商业,在售
271,3663,宝地佘山1号,松江,41000,住宅,在售
272,3664,万科翡翠滨江（二期）,浦东,110000,住宅,在售
273,3665,绿地壹号街,嘉定,37000,商业,在售
274,3666,龙德景苑,徐汇,125000,住宅,在售
275,3667,日月光伯爵湾,嘉定,38000,别墅,在售
276,3668,邑滨江,浦东,121000,住宅,在售
277,3669,安高东方御府,嘉定,48000,商业,在售
278,3670,圣骊河滨苑,杨浦,90000,住宅,在售
279,3671,浦开·世纪珑墅,浦东,107000,别墅,在售
280,3672,七宝宝龙城,闵行,115000,商业,在售
281,3673,七宝宝龙城,闵行,41000,写字楼,在售
282,3674,佳兆业城市广场(商业类),嘉定,30000,商业,在售
283,3675,两港壹号铺,浦东,30000,商业,在售
284,3676,金地自在城（三期）,松江,57000,商业,在售
285,3677,新城璞樾门第,青浦,45800,别墅,在售
286,3678,华泰中心,嘉定,2000,写字楼,在售
287,3679,新城上坤樾山半岛,松江,750,别墅,在售
288,3680,象源丽都,普陀,72000,住宅,在售
289,3681,绿地朱家角1号,青浦,620,别墅,在售
290,3682,景源名墅,奉贤,30000,别墅,在售
291,3683,虹桥融景,青浦,74000,别墅,在售
292,3684,嘉涛湾,青浦,1000,别墅,在售
293,3685,阳明花园广场,浦东,价格待定,住宅,未开盘
294,3686,东方别墅,浦东,130000,别墅,在售
295,3687,东亚威尼斯公馆,崇明,27999,住宅,在售
296,3688,合生广富汇(别墅),松江,55000,别墅,在售
297,3689,浦发罗兰翡丽,浦东,62659,住宅,在售
298,3690,沁和园,普陀,85400,住宅,在售
299,3691,富绅时代公馆,青浦,41000,住宅,在售
300,3692,光语著,奉贤,36000,别墅,在售
301,3693,首创禧悦风华,青浦,40183,住宅,在售
302,3694,东郊中心,浦东,100000,写字楼,在售
303,3695,中冶上河雅筑,宝山,42694,住宅,未开盘
304,3696,万科天空之城星之屿,青浦,57660,住宅,在售
305,3697,古北金鹰府,闵行,100000,商业,在售
306,3698,中企滨江悦府,浦东,115368,住宅,在售
307,3699,吴泾宝龙广场,闵行,29000,写字楼,在售
308,3700,海上湾鹭居,青浦,25000,住宅,在售
309,3701,愉光苑,松江,210,住宅,在售
310,3702,正荣御首府,金山,25000,住宅,售罄
311,3703,露香园,黄浦,价格待定,住宅,售罄
312,3704,万科公园大道,闵行,价格待定,住宅,售罄
313,3705,好世凤翔苑,嘉定,50000,住宅,售罄
314,3706,大发融悦,青浦,价格待定,住宅,售罄
315,3707,东亚阳光里,浦东,价格待定,住宅,售罄
316,3708,大豪山林别墅,青浦,3200,别墅,售罄
317,3709,中粮南桥半岛,奉贤,价格待定,住宅,售罄
318,3710,东方鸿璟,浦东,700,住宅,售罄
319,3711,泰禾红桥,青浦,38000,住宅,售罄
320,3712,汇金大厦,黄浦,价格待定,写字楼,售罄
321,3713,虹桥观邸,闵行,38000,写字楼,售罄
322,3714,中环协信天地,静安,3095,写字楼,售罄
323,3715,首创禧悦(二期),青浦,41000,住宅,售罄
324,3716,景瑞一公里,青浦,55000,商业,售罄
325,3717,惠南壹号街,浦东,价格待定,商业,售罄
326,3718,同济融创玫瑰公馆,闵行,69000,住宅,售罄
327,3719,宝龙城市广场(嘉定),嘉定,60000,商业,售罄
328,3720,松江颐景园(商铺),松江,价格待定,商业,售罄
329,3721,森兰美伦,浦东,47500,商业,售罄
330,3722,云麓里,浦东,44000,住宅,在售
331,3723,云麓里,浦东,55000,别墅,在售
332,3724,尚峰名邸,浦东,价格待定,商业,下期待开
333,3725,公元2040  叠加,浦东,600,别墅,在售
334,3726,钰丰商都,松江,25000,商业,在售
335,3727,恒文璞悦,青浦,41000,住宅,在售
336,3728,西虹桥·怀盛399广场,青浦,36000,商业,在售
337,3729,上海富力环球中心,闵行,75000,写字楼,在售
338,3730,国贸天悦佘山,松江,60000,底商,在售
339,3731,光明D9空间,嘉定,23000,商业,在售
340,3732,宝龙城市广场(奉贤),奉贤,55000,商业,在售
341,3733,中展璞荟,松江,32000,写字楼,在售
342,3734,中新传媒大厦,浦东,70000,商业,在售
343,3735,君领国际,浦东,138000,商业,在售
344,3736,静安府西区,静安,86000,住宅,在售
345,3737,中锐悦立方,金山,21000,商业,在售
346,3738,三弦海上金街,闵行,40000,商业,在售
347,3739,正荣国领(别墅),宝山,65000,别墅,在售
348,3740,上海星河湾,闵行,77000,住宅,在售
349,3741,颐盛御中环,浦东,61000,住宅,在售
350,3742,帕缇欧香苑,青浦,40000,住宅,在售
351,3743,步阳御江金都,嘉定,36000,住宅,在售
352,3744,一品漫城(三期),闵行,2500,别墅,在售
353,3745,碧桂园嘉誉,嘉定,33000,住宅,在售
354,3746,东亚启航公馆,浦东,36000,住宅,在售
355,3747,徐汇苑,徐汇,105000,住宅,在售
356,3748,古北金鹰府,闵行,价格待定,住宅,未开盘
357,3749,绿都绣云里,浦东,41000,住宅,在售
358,3750,临港首府,浦东,27000,住宅,在售
359,3751,铂金府,嘉定,40000,住宅,在售
360,3752,星月御中心,浦东,50000,写字楼,在售
361,3753,锦汇华庭,金山,30000,住宅,在售
362,3754,中建阅澜山,宝山,36500,住宅,在售
363,3755,江悦名庭,浦东,84000,住宅,未开盘
364,3756,祥腾假日风情商业街,青浦,18000,商业,在售
365,3757,朱泾名园,金山,29000,住宅,在售
366,3758,华亭首府,松江,43000,住宅,在售
367,3759,博隆（虹桥）商业广场,青浦,40000,商业,在售
368,3760,碧桂园凤凰城,金山,30000,住宅,在售
369,3761,领第漫生活国际商铺,青浦,25000,商业,在售
370,3762,明天华城,浦东,价格待定,住宅,售罄
371,3763,中信君廷,徐汇,120000,住宅,售罄
372,3764,大学里,嘉定,30000,住宅,售罄
373,3765,万科海上传奇,浦东,价格待定,住宅,售罄
374,3766,绿地海珀风华(别墅),青浦,价格待定,别墅,售罄
375,3767,万业紫辰苑,宝山,40000,住宅,售罄
376,3768,乔爱庄园,松江,价格待定,别墅,售罄
377,3769,万立城,嘉定,23500,住宅,售罄
378,3770,仁恒东郊花园,浦东,价格待定,住宅,售罄
379,3771,中环名品公馆,普陀,86000,住宅,售罄
380,3772,中新传媒大厦,浦东,价格待定,写字楼,售罄
381,3773,象屿虹桥悦府,松江,44000,住宅,售罄
382,3774,海伦广场,嘉定,35000,商业,售罄
383,3775,上海庄园三期,嘉定,25500,住宅,售罄
384,3776,上海院子,嘉定,1100,别墅,售罄
385,3777,上置名人天地,宝山,43000,写字楼,售罄
386,3778,同润玫瑰园,松江,36000,住宅,售罄
387,3779,森兰名轩,浦东,55382,住宅,售罄
388,3780,凯德茂名公馆,黄浦,价格待定,住宅,售罄
389,3781,虹桥1号,闵行,价格待定,住宅,售罄
390,3782,魔方社区,嘉定,40000,商业,在售
391,3783,北上海生活广场,宝山,58000,商业,在售
392,3784,金地都会C区,松江,630,别墅,在售
393,3785,金地都会C区,松江,46571,住宅,在售
394,3786,华润置地赛拉维,奉贤,520,别墅,在售
395,3787,当代艺墅,闵行,2200,别墅,在售
396,3788,央玺,宝山,62000,住宅,在售
397,3789,东宸源著,浦东,27000,住宅,在售
398,3790,东宸源著,浦东,42000,别墅,在售
399,3791,东原碧桂园,青浦,41500,住宅,在售
400,3792,新城西岸公园,浦东,56500,住宅,在售
401,3793,中国铁建香榭国际,奉贤,49850,别墅,在售
402,3794,荣信虹桥世嘉,闵行,98000,商业,在售
403,3795,中铁北城时代,宝山,50000,商业,在售
404,3796,云麓之城,宝山,37000,住宅,在售
405,3797,汇福·大玥城,浦东,45000,商业,在售
406,3798,佘山东郡,松江,1650,别墅,在售
407,3799,泉灵小区,静安,54000,住宅,在售
408,3800,骏丰玲珑坊,嘉定,55000,商业,在售
409,3801,金大元御珑宫廷(别墅),浦东,82500,别墅,在售
410,3802,银都名墅,闵行,2500,别墅,在售
411,3803,金辉海上铭著,闵行,70000,住宅,在售
412,3804,嘉宝前滩后院,浦东,90000,别墅,在售
413,3805,宫园巧筑,宝山,35000,别墅,在售
414,3806,东外滩1号,杨浦,95000,住宅,在售
415,3807,逸时区,奉贤,29000,住宅,在售
416,3808,海湾名悦豪庭,奉贤,23000,住宅,在售
417,3809,万科天空之城,青浦,57660,住宅,在售
418,3810,瑞和上海印象,奉贤,18800,住宅,在售
419,3811,九龙仓静安壹号,静安,129000,住宅,在售
420,3812,百润时代,浦东,37000,写字楼,在售
421,3813,佳兆业8号,奉贤,25000,住宅,在售
422,3814,佳兆业8号,奉贤,520,别墅,在售
423,3815,旭丽花园,闵行,35000,别墅,在售
424,3816,毓阳东首岸,浦东,33000,写字楼,在售
425,3817,湘府花园,闵行,价格待定,住宅,下期待开
426,3818,大华朗香臻园,宝山,54300,住宅,在售
427,3819,中建阅澜山,宝山,42000,别墅,在售
428,3820,城开云外,闵行,65000,别墅,未开盘
429,3821,徐汇梧桐公馆,徐汇,70000,住宅,下期待开
430,3822,中铁逸都,青浦,42500,住宅,售罄
431,3823,复地御西郊,长宁,价格待定,住宅,售罄
432,3824,季景铭郡,嘉定,价格待定,住宅,售罄
433,3825,国浩长风汇都,普陀,82000,住宅,售罄
434,3826,法兰西世家(别墅),松江,1400,别墅,售罄
435,3827,大宁金茂府,静安,价格待定,住宅,售罄
436,3828,同济东时区,浦东,价格待定,别墅,售罄
437,3829,上实滨湖和墅,青浦,价格待定,别墅,售罄
438,3830,恒大帝景,松江,价格待定,住宅,售罄
439,3831,君地蔚林半岛,崇明,价格待定,别墅,售罄
440,3832,盛世豪园(二期),杨浦,价格待定,住宅,售罄
441,3833,中信泰富朱家角新城(别墅),青浦,580,别墅,售罄
442,3834,融创滨江壹号院,黄浦,价格待定,商业,售罄
443,3835,磐达华庭,浦东,29625,住宅,售罄
444,3836,嘉宝梦之月华庭,嘉定,37000,住宅,售罄
445,3837,旭辉依云湾,宝山,45000,住宅,售罄
446,3838,旭辉依云湾,宝山,48000,别墅,售罄
447,3839,颐盛御中环,浦东,价格待定,别墅,售罄
448,3840,新城樾山半岛,松江,46000,别墅,售罄
449,3841,东原印柒雅,浦东,57000,住宅,售罄
450,3842,悦城华庭,奉贤,25500,住宅,在售
451,3843,桂语云溪,松江,43000,住宅,在售
452,3844,金地玺悦,松江,41000,住宅,在售
453,3845,中建锦绣熙岸,浦东,24000,住宅,在售
454,3846,海上风华,浦东,38000,别墅,在售
455,3847,东方悦耀,浦东,81000,住宅,在售
456,3848,菁鸿锦庭,虹口,77000,商业,在售
457,3849,宏兆锦庭,浦东,38000,住宅,在售
458,3850,高尚领域,普陀,90000,住宅,在售
459,3851,六合别墅,青浦,1700,别墅,在售
460,3852,中金海棠湾(别墅),浦东,1350,别墅,在售
461,3853,南京西路公馆,静安,120000,住宅,在售
462,3854,东海御庭,浦东,39000,别墅,在售
463,3855,佘山东紫园,松江,3650,别墅,在售
464,3856,仁恒公园世纪,浦东,120000,住宅,在售
465,3857,联富商业广场,静安,150000,商业,在售
466,3858,碧桂园天悦,浦东,34000,住宅,在售
467,3859,绿地浦汇中心,青浦,41000,住宅,在售
468,3860,绿洲康城金邸,浦东,61000,住宅,在售
469,3861,佘山水岸名邸,松江,40000,住宅,在售
470,3862,滨江一品苑,浦东,111000,住宅,在售
471,3863,大宁金茂府,静安,3200,别墅,在售
472,3864,新华御湖上园,金山,18000,住宅,在售
473,3865,银河丽湾,奉贤,36100,住宅,在售
474,3866,绿城上海诚园,奉贤,20000,住宅,在售
475,3867,秋月朗庭尚东区,奉贤,33000,住宅,在售
476,3868,西郊金茂府,嘉定,46000,住宅,在售
477,3869,宝华帝华园,奉贤,28600,住宅,在售
478,3870,东方城市豪庭,浦东,31900,住宅,在售
479,3871,运杰御澜雅苑,青浦,43000,住宅,在售
480,3872,阳光里(嘉定),嘉定,943,别墅,售罄
481,3873,中福浦江汇,黄浦,价格待定,住宅,售罄
482,3874,御沁园(别墅),浦东,价格待定,别墅,售罄
483,3875,臻品嘉园(公寓),嘉定,价格待定,别墅,售罄
484,3876,中金海棠湾(公寓),浦东,价格待定,住宅,售罄
485,3877,保利天鹅语,嘉定,37000,住宅,售罄
486,3878,朗诗未来街区,奉贤,价格待定,住宅,售罄
487,3879,日月光伯爵天地,嘉定,300,住宅,售罄
488,3880,路劲上海派,嘉定,30309,住宅,售罄
489,3881,华府樟园,普陀,95000,住宅,售罄
490,3882,万科翡翠雅宾利,静安,117000,别墅,在售
491,3883,龙湖春江天越,奉贤,35500,住宅,在售
492,3884,龙湖春江天越,奉贤,520,别墅,在售
493,3885,富力万达广场,奉贤,37500,商业,在售
494,3886,首创禧瑞荟,闵行,61000,住宅,在售
495,3887,万科翡翠滨江（二期）,浦东,90000,商业,在售
496,3888,锦绣里,普陀,100500,住宅,未开盘
497,3889,昊·梦想谷,浦东,42000,商业,在售
498,3890,绿庭尚城,松江,44518,住宅,在售
499,3891,金地天地云墅,宝山,45000,商业,在售
500,3892,阳光城•檀悦101,杨浦,价格待定,住宅,售罄
501,3893,罗店宝龙广场,宝山,40000,商业,售罄
502,3894,首创禧悦晴朗,青浦,价格待定,住宅,售罄
503,3895,融创领馆壹号院,徐汇,价格待定,别墅,售罄
504,3896,滨江公园壹号,宝山,53000,住宅,售罄
505,3897,雅邸VIP,浦东,价格待定,住宅,售罄
506,3898,珠江铂世外滩界,虹口,102000,住宅,售罄
507,3899,保利·首创丨颂,浦东,58000,住宅,售罄
508,3900,梵克雅堡,浦东,价格待定,写字楼,售罄
509,3901,嘉宝梦之星,嘉定,361,住宅,售罄
510,3902,新城上坤樾山明月,松江,55000,别墅,在售
511,3903,恒大江湾华庭,虹口,80000,住宅,在售
512,3904,陆家嘴锦绣逸庭,浦东,67000,住宅,在售
513,3905,云麓之城,宝山,34000,别墅,在售
514,3906,深城投十一街区,嘉定,50000,商业,在售
515,3907,富绅商业中心,青浦,价格待定,商业,未开盘
516,3908,大华珞斐墅,浦东,120000,别墅,在售
517,3909,颐景园·江南院,浦东,19800,住宅,在售
518,3910,颐景园·江南院,浦东,42000,别墅,在售
519,3911,虹桥金茂悦,青浦,46000,住宅,在售
520,3912,佘山水岸名邸,松江,42000,别墅,在售
521,3913,灿辉晶典1733,青浦,81000,别墅,在售
522,3914,金泰商务广场,浦东,75000,商业,在售
523,3915,融创精彩天地,浦东,400,商业,在售
524,3916,合景万景峰,奉贤,55000,商业,在售
525,3917,远洋万和四季,浦东,55000,商业,在售
526,3918,绿地朱家角1号,青浦,29000,住宅,在售
527,3919,招商主城,宝山,37000,住宅,在售
528,3920,招商主城,宝山,40000,别墅,在售
529,3921,福都商业美食广场,松江,38000,商业,在售
530,3922,望园豪庭,奉贤,36200,住宅,在售
531,3923,恒大滨江华府,浦东,124000,住宅,在售
532,3924,上海桃花源,闵行,2600,别墅,在售
533,3925,凯利海华府,浦东,79800,住宅,在售
534,3926,禹洲雍贤府,奉贤,42000,别墅,在售
535,3927,东方颐城,浦东,25000,住宅,在售
536,3928,东方颐城,浦东,32000,别墅,在售
537,3929,泰禾大城小院,崇明,25000,住宅,在售
538,3930,泰禾大城小院,崇明,600,别墅,在售
539,3931,中山学林苑,长宁,80000,住宅,在售
540,3932,凯德新视界(一期),浦东,23000,住宅,售罄
541,3933,绿岛江湾城,崇明,价格待定,住宅,售罄
542,3934,大华伊斐墅,浦东,9739,别墅,售罄
543,3935,新湖青蓝国际,静安,价格待定,住宅,售罄
544,3936,中建大公馆,杨浦,价格待定,别墅,售罄
545,3937,世茂云图,浦东,价格待定,住宅,售罄
546,3938,荣乐水岸,松江,价格待定,住宅,售罄
547,3939,川和路399弄,浦东,价格待定,住宅,售罄
548,3940,金地佘山天境(别墅),青浦,价格待定,别墅,售罄
549,3941,旭辉铂悦西郊,嘉定,4100,别墅,售罄
550,3942,海悦华庭,浦东,价格待定,住宅,售罄
551,3943,金地虹桥世家,青浦,56000,住宅,售罄
552,3944,金地虹桥世家,青浦,60000,别墅,售罄
553,3945,卓越维港,闵行,57000,别墅,售罄
554,3946,紫藤华庭,闵行,价格待定,住宅,售罄
555,3947,TODTOWN天荟,闵行,价格待定,住宅,售罄
556,3948,桂语云溪,松江,46000,别墅,售罄
557,3949,海上风华,浦东,28000,住宅,售罄
558,3950,招商海德名门红墅林,宝山,43000,别墅,售罄
559,3951,皇都花园,闵行,70000,住宅,售罄
560,3952,中建朗阅府,浦东,69000,住宅,未开盘
561,3953,中建朗阅府,浦东,75000,别墅,未开盘
562,3954,四季都会,宝山,49500,别墅,未开盘
563,3955,恒久财富中心,松江,45000,商业,在售
564,3956,中海建国里,黄浦,135000,住宅,在售
565,3957,新华御湖上园,金山,30000,商业,在售
566,3958,御沁园(公寓）,浦东,52000,住宅,未开盘
567,3959,三弦星街口,闵行,50000,商业,在售
568,3960,金隅金成府,嘉定,34000,住宅,未开盘
569,3961,紫晶南园,闵行,47000,住宅,未开盘
570,3962,建邦国宸府,金山,38800,别墅,在售
571,3963,建邦国宸府,金山,31800,住宅,在售
572,3964,滨江公园壹号,宝山,66000,别墅,在售
573,3965,文通拾里间,嘉定,50000,住宅,在售
574,3966,首创禧瑞里,青浦,55100,住宅,在售
575,3967,首创禧瑞里,青浦,60000,别墅,在售
576,3968,漓江花园三期,徐汇,71000,住宅,在售
577,3969,保利天琴宇舍,嘉定,34000,商业,在售
578,3970,保利星海屿筑,嘉定,35000,商业,在售
579,3971,康博名邸,杨浦,90000,住宅,在售
580,3972,碧桂园嘉誉,嘉定,32000,底商,在售
581,3973,秀泰天地,嘉定,35000,商业,在售
582,3974,华发公馆,杨浦,94000,住宅,在售
583,3975,万科启宸,宝山,38000,住宅,在售
584,3976,万科启宸,宝山,43000,别墅,在售
585,3977,复地万科活力中心,浦东,38000,写字楼,在售
586,3978,万科金域澜湾鹭语墅,浦东,价格待定,住宅,下期待开
587,3979,葛洲坝虹桥紫郡公馆,青浦,58000,住宅,在售
588,3980,中铁逸都,青浦,41000,商业,在售
589,3981,龙湖天琅,闵行,30000,写字楼,在售
590,3982,雍和府,宝山,30000,住宅,在售
591,3983,雍和府,宝山,520,别墅,在售
592,3984,保利玲珑公馆,浦东,25000,住宅,在售
593,3985,紫樱阁,青浦,37800,住宅,在售
594,3986,美溪里,金山,18000,住宅,在售
595,3987,美溪里,金山,327,别墅,在售
596,3988,虹桥正荣中心,闵行,47000,商业,在售
597,3989,上海国际品牌珠宝中心,浦东,65000,商业,在售
598,3990,万科七宝国际,闵行,80000,商业,在售
599,3991,白金湾府邸,虹口,180000,住宅,在售
600,3992,中海九峯里,松江,价格待定,别墅,未开盘
601,3993,中海九峯里,松江,33000,住宅,在售
602,3994,招商花园城,宝山,60000,底商,在售
603,3995,云间新天地,松江,55000,商业,在售
604,3996,新湖明珠城,普陀,85000,商业,在售
605,3997,佘山院子东园,松江,33500,住宅,在售
606,3998,佘山院子东园,松江,48000,别墅,在售
607,3999,凤凰城天境,奉贤,29900,别墅,在售
608,4000,新金浦,静安,120000,商业,在售
609,4001,中南江山美宸,崇明,24507,住宅,在售
610,4002,世纪江湾,杨浦,124500,别墅,未开盘
611,4003,东方渔港商业街,崇明,35000,商业,在售
612,4004,路劲上海派＋,嘉定,35000,住宅,未开盘
613,4005,嘉鼎国际,嘉定,30000,写字楼,在售
614,4006,宝林枫景苑,宝山,51000,住宅,下期待开
615,4007,甘建投商务广场,青浦,24000,写字楼,在售
616,4008,甘建投商务广场,青浦,24000,商业,在售
617,4009,森兰壹公馆,浦东,57600,住宅,未开盘
618,4010,首建智谷·上海金融科技中心,嘉定,33000,写字楼,在售
619,4011,新华红星国际广场,闵行,80000,商业,在售
620,4012,夏都融庭,青浦,价格待定,别墅,售罄
621,4013,禹洲老城里,嘉定,价格待定,住宅,售罄
622,4014,绿地海珀玉晖,普陀,105000,住宅,售罄
623,4015,融创滨江壹号院,黄浦,价格待定,住宅,售罄
624,4016,中冶枫郡苑,金山,价格待定,住宅,售罄
625,4017,金地天地云墅,宝山,42000,住宅,售罄
626,4018,同济东时区,浦东,价格待定,住宅,售罄
627,4019,张江三湘海尚,浦东,价格待定,住宅,售罄
628,4020,首创旭辉城(公寓),嘉定,26000,住宅,售罄
629,4021,经纬城市绿洲,宝山,价格待定,住宅,售罄
630,4022,虹康昭晖苑,长宁,125000,住宅,在售
631,4023,华侨城苏河湾(商铺),静安,85000,商业,在售
632,4024,静安府西区,静安,1450,别墅,在售
633,4025,招商虹桥公馆,青浦,58000,住宅,在售
634,4026,凤凰城天悦,奉贤,30000,别墅,在售
635,4027,福晟前滩钱隆广场,浦东,150000,商业,在售
636,4028,三林彩虹坊,浦东,70000,商业,在售
637,4029,凤鸣海尚,奉贤,25400,住宅,在售
638,4030,凤鸣海尚,奉贤,40000,别墅,在售
639,4031,观湖御景,青浦,30000,住宅,在售
640,4032,远洋金融街·西郊宸章,青浦,41400,住宅,在售
641,4033,卓越维港,闵行,46500,住宅,在售
642,4034,金地水悦堂,青浦,450,别墅,在售
643,4035,莫里斯花源,嘉定,32000,住宅,在售
644,4036,中粮首创禧瑞祥云,浦东,45000,住宅,在售
645,4037,中科金地华韵,浦东,32000,住宅,在售
646,4038,融创香溢精彩天地（商铺）,普陀,70000,商业,在售
647,4039,日月光伯爵湾,嘉定,31000,住宅,在售
648,4040,中海戈雅园,奉贤,27500,住宅,在售
649,4041,同济晶萃,松江,价格待定,别墅,未开盘
650,4042,中信广场,虹口,81000,写字楼,在售
651,4043,汉石丽苑休闲广场,闵行,45000,商业,在售
652,4044,静安康鑫家园,静安,90000,住宅,在售
653,4045,长江国际购物中心,宝山,56700,商业,在售
654,4046,青浦万达茂,青浦,50000,商业,在售
655,4047,万科七宝国际,闵行,40000,写字楼,在售
656,4048,新华联国际中心,闵行,18700,写字楼,在售
657,4049,中建锦绣天地(商铺),青浦,90000,商业,在售
658,4050,源昌幸福里,青浦,60000,商业,在售
659,4051,金山万达海汇街,金山,25000,商业,在售
660,4052,中海九峯里,松江,价格待定,别墅,未开盘
661,4053,中海九峯里,松江,33000,住宅,在售
662,4054,招商花园城,宝山,60000,底商,在售
663,4055,云间新天地,松江,55000,商业,在售
664,4056,新湖明珠城,普陀,85000,商业,在售
665,4057,佘山院子东园,松江,33500,住宅,在售
666,4058,佘山院子东园,松江,48000,别墅,在售
667,4059,凤凰城天境,奉贤,29900,别墅,在售
668,4060,新金浦,静安,120000,商业,在售
669,4061,中南江山美宸,崇明,24507,住宅,在售
670,4062,宝龙世家,浦东,150,商业,在售
671,4063,中惠金钻天地,浦东,50000,商业,在售
672,4064,远洋财富中心,浦东,28000,写字楼,在售
673,4065,远洋财富中心,浦东,50000,商业,在售
674,4066,高桥红坊,浦东,85000,商业,在售
675,4067,虹桥富力中心,闵行,100000,商业,在售
676,4068,东渡悦来城,青浦,50000,商业,在售
677,4069,中南锦庭,奉贤,35000,商业,在售
678,4070,平高世贸中心,松江,28000,写字楼,在售
679,4071,一品漫城(五期),闵行,58000,商业,在售
680,4072,翠湖天地隽荟,黄浦,160000,住宅,售罄
681,4073,金臣汇,闵行,1871,住宅,售罄
682,4074,华亭首府,松江,价格待定,别墅,售罄
683,4075,徐汇公园道壹号,徐汇,价格待定,住宅,售罄
684,4076,万科安亭新镇,嘉定,31800,住宅,售罄
685,4077,正阳世纪星城,奉贤,价格待定,住宅,售罄
686,4078,大华碧云天,宝山,价格待定,住宅,售罄
687,4079,西上海御庭,嘉定,32000,住宅,售罄
688,4080,保利艾庐,浦东,价格待定,别墅,售罄
689,4081,万科金域澜湾,浦东,价格待定,别墅,售罄
690,4082,青浦万达茂,青浦,28000,商业类,在售
691,4083,临港十七区,浦东,60000,商业,在售
692,4084,星尚湾名邸,青浦,55000,别墅,在售
693,4085,三迪上东街,松江,60000,商业,在售
694,4086,凯德星贸邸,静安,122000,住宅,未开盘
695,4087,复地雅园,黄浦,126000,住宅,在售
696,4088,五坊园,黄浦,111000,住宅,在售
697,4089,四季都会,宝山,43000,住宅,在售
698,4090,信达泰禾上城院子,宝山,52500,住宅,在售
699,4091,中海臻如府,普陀,95000,住宅,在售
700,4092,迈横九号街,浦东,42000,商业,在售
701,4093,保利象屿公园悦府,奉贤,36000,住宅,在售
702,4094,滴水湖馨苑悦湾,浦东,26000,住宅,在售
703,4095,华润置地赛拉维,奉贤,38500,住宅,在售
704,4096,东滩花园,崇明,34768,别墅,在售
705,4097,世纪江湾,杨浦,价格待定,住宅,未开盘
706,4098,龙湖春江天玺,奉贤,35300,住宅,在售
707,4099,万科翡翠公园,浦东,100000,商业,在售
708,4100,置汇旭辉广场,浦东,64000,写字楼,在售
709,4101,海上湾鹭居,青浦,430,别墅,在售
710,4102,明城新村桂花园,奉贤,价格待定,住宅,未开盘
711,4103,天和尚海庭前,奉贤,50000,别墅,在售
712,4104,中核锦悦府,青浦,58000,住宅,在售
713,4105,乐活居,普陀,93000,住宅,在售
714,4106,中骏天珑,青浦,58000,住宅,在售
715,4107,新城虹口金茂府,虹口,102000,住宅,在售
716,4108,保利玲玥公馆,奉贤,19500,住宅,在售
717,4109,复地富顿街区,松江,42000,住宅,在售
718,4110,复地富顿街区,松江,价格待定,别墅,未开盘
719,4111,合景天悦,松江,49500,住宅,在售
